sample_token,scene_token,timestamp,cam_front_path,visualization_path,derived_action,reviewed_action,label_correct,trajectory_alignment_correct,agent_alignment_correct,safety_score_reasonable,error_type,review_note,label_rule_version,safety_rule_version,split,action_confidence,selection_reason,has_vru,safety_status,safety_score,safety_penalty,boundary_flags,uncertainty_reason,nearby_agent_count,trajectory_points,trajectory_delta_x_m,trajectory_delta_y_m,trajectory_path_length_m,approx_delta_speed_mps
0106a9b8e65f4ad1867b44591aeed8b0,c5224b9b454b4ded9b5d2d2634bbda8a,1538448753547684,samples/CAM_FRONT/n015-2018-10-02-10-50-40+0800__CAM_FRONT__1538448753512460.jpg,data/outputs/phase_1_7_manual_audit_mini/visualizations/0106a9b8e65f4ad1867b44591aeed8b0_one_page.png,keep,keep,yes,yes,yes,not_available,none,none,phase-1.6-meta-action-v0.1,not_available,phase-1.7-mini-audit,high,action_top_up_keep,not_available,not_available,not_available,not_available,,none,12,7,36.03963529301169,-0.241088174,36.04072947590765,-0.123398062
0402e40724984f3b833496067d46c771,bebf5f5b2a674631ab5c88fd1aa9e87a,1535385104448758,samples/CAM_FRONT/n008-2018-08-27-11-48-51-0400__CAM_FRONT__1535385104412404.jpg,data/outputs/phase_1_7_manual_audit_mini/visualizations/0402e40724984f3b833496067d46c771_one_page.png,keep,keep,yes,yes,yes,not_available,none,none,phase-1.6-meta-action-v0.1,not_available,phase-1.7-mini-audit,high,action_top_up_keep,not_available,not_available,not_available,not_available,,none,53,7,24.768871212291202,-0.760568919,24.782069216888257,0.7656189635968698
092051710b7b4d9294e98dcb3f0f7be1,c5224b9b454b4ded9b5d2d2634bbda8a,1538448746548329,samples/CAM_FRONT/n015-2018-10-02-10-50-40+0800__CAM_FRONT__1538448746512460.jpg,data/outputs/phase_1_7_manual_audit_mini/visualizations/092051710b7b4d9294e98dcb3f0f7be1_one_page.png,keep,keep,yes,yes,yes,not_available,none,none,phase-1.6-meta-action-v0.1,not_available,phase-1.7-mini-audit,high,action_top_up_keep,not_available,not_available,not_available,not_available,,none,16,7,36.82359344178826,-0.134350829,36.82405027151054,-0.659138423
0d7263a5b8264cad996582d6219ef1f2,bebf5f5b2a674631ab5c88fd1aa9e87a,1535385101947644,samples/CAM_FRONT/n008-2018-08-27-11-48-51-0400__CAM_FRONT__1535385101912404.jpg,data/outputs/phase_1_7_manual_audit_mini/visualizations/0d7263a5b8264cad996582d6219ef1f2_one_page.png,keep,keep,yes,yes,yes,not_available,none,none,phase-1.6-meta-action-v0.1,not_available,phase-1.7-mini-audit,high,action_top_up_keep,not_available,not_available,not_available,not_available,,none,43,7,20.38300172221004,0.32270270658355804,20.386529344832763,0.2481037678177067
0fa505e5dd804d3b9f9f076d23b28d6d,bebf5f5b2a674631ab5c88fd1aa9e87a,1535385099400097,samples/CAM_FRONT/n008-2018-08-27-11-48-51-0400__CAM_FRONT__1535385099362404.jpg,data/outputs/phase_1_7_manual_audit_mini/visualizations/0fa505e5dd804d3b9f9f076d23b28d6d_one_page.png,keep,keep,yes,yes,yes,not_available,none,none,phase-1.6-meta-action-v0.1,not_available,phase-1.7-mini-audit,high,action_top_up_keep,not_available,not_available,not_available,not_available,,none,45,7,24.977379440263327,-0.166333206,24.978718528500476,-0.630673
5f3fc3c1d08b47cabc1bbca600abbfa8,bebf5f5b2a674631ab5c88fd1aa9e87a,1535385103447886,samples/CAM_FRONT/n008-2018-08-27-11-48-51-0400__CAM_FRONT__1535385103412404.jpg,data/outputs/phase_1_7_manual_audit_mini/visualizations/5f3fc3c1d08b47cabc1bbca600abbfa8_one_page.png,accelerate,accelerate,yes,yes,yes,not_available,none,none,phase-1.6-meta-action-v0.1,not_available,phase-1.7-mini-audit,medium,rule_boundary_sample,not_available,not_available,not_available,not_available,,trajectory_speed_proxy_only,52,7,22.94092497470622,-0.507251953,22.94897311709588,2.178993913818487
7ff999a1242e4573a81dd3a6f0c158a2,bebf5f5b2a674631ab5c88fd1aa9e87a,1535385103948321,samples/CAM_FRONT/n008-2018-08-27-11-48-51-0400__CAM_FRONT__1535385103912404.jpg,data/outputs/phase_1_7_manual_audit_mini/visualizations/7ff999a1242e4573a81dd3a6f0c158a2_one_page.png,accelerate,accelerate,yes,yes,yes,not_available,none,none,phase-1.6-meta-action-v0.1,not_available,phase-1.7-mini-audit,medium,rule_boundary_sample,not_available,not_available,not_available,not_available,,trajectory_speed_proxy_only,53,7,23.98536219651682,-0.787353035,24.00060878893343,1.7264108413415986
8017a35b9b5e476289a89bd098a4a1d1,bebf5f5b2a674631ab5c88fd1aa9e87a,1535385102447561,samples/CAM_FRONT/n008-2018-08-27-11-48-51-0400__CAM_FRONT__1535385102412404.jpg,data/outputs/phase_1_7_manual_audit_mini/visualizations/8017a35b9b5e476289a89bd098a4a1d1_one_page.png,accelerate,accelerate,yes,yes,yes,not_available,none,none,phase-1.6-meta-action-v0.1,not_available,phase-1.7-mini-audit,medium,rule_boundary_sample,not_available,not_available,not_available,not_available,,trajectory_speed_proxy_only,49,7,20.771489635822917,0.10109343200468279,20.772457398028475,1.5793251403408544
8580e9a249b64b59bead9d80c0e13e8b,bebf5f5b2a674631ab5c88fd1aa9e87a,1535385102947981,samples/CAM_FRONT/n008-2018-08-27-11-48-51-0400__CAM_FRONT__1535385102912404.jpg,data/outputs/phase_1_7_manual_audit_mini/visualizations/8580e9a249b64b59bead9d80c0e13e8b_one_page.png,accelerate,accelerate,yes,yes,yes,not_available,none,none,phase-1.6-meta-action-v0.1,not_available,phase-1.7-mini-audit,medium,rule_boundary_sample,not_available,not_available,not_available,not_available,,trajectory_speed_proxy_only,52,7,21.752711186947973,-0.189793638,21.755207366532897,2.2579139241068855
f77ef1c17cbf432587d705c88ce76b3b,de7d80a1f5fb4c3e82ce8a4f213b450a,1542800848447981,samples/CAM_FRONT/n015-2018-11-21-19-38-26+0800__CAM_FRONT__1542800848412460.jpg,data/outputs/phase_1_7_manual_audit_mini/visualizations/f77ef1c17cbf432587d705c88ce76b3b_one_page.png,accelerate,accelerate,yes,yes,yes,not_available,none,none,phase-1.6-meta-action-v0.1,not_available,phase-1.7-mini-audit,medium,rule_boundary_sample,not_available,not_available,not_available,not_available,,trajectory_speed_proxy_only,52,7,3.7536642819027497,-0.049725672,3.7540656638479826,2.403613492116212
0307afa1ec7e48ce90295acabf8cb6dd,2fc3753772e241f2ab2cd16a784cc680,1535657113648526,samples/CAM_FRONT/n008-2018-08-30-15-16-55-0400__CAM_FRONT__1535657113612404.jpg,data/outputs/phase_1_7_manual_audit_mini/visualizations/0307afa1ec7e48ce90295acabf8cb6dd_one_page.png,decelerate,decelerate,yes,yes,yes,not_available,none,none,phase-1.6-meta-action-v0.1,not_available,phase-1.7-mini-audit,medium,rule_boundary_sample,not_available,not_available,not_available,not_available,,trajectory_speed_proxy_only,14,7,4.946717165659846,-0.133752539,4.94887755771162,-1.8117142
12e1aa58e9d04068a33f37b896b901a3,2fc3753772e241f2ab2cd16a784cc680,1535657110651414,samples/CAM_FRONT/n008-2018-08-30-15-16-55-0400__CAM_FRONT__1535657110612404.jpg,data/outputs/phase_1_7_manual_audit_mini/visualizations/12e1aa58e9d04068a33f37b896b901a3_one_page.png,decelerate,decelerate,yes,yes,yes,not_available,none,none,phase-1.6-meta-action-v0.1,not_available,phase-1.7-mini-audit,medium,rule_boundary_sample,not_available,not_available,not_available,not_available,,trajectory_speed_proxy_only,13,7,10.530374391535071,-0.729329579,10.558443236015234,-1.637587506
252b65dd79ce4712af1b898b64ea3b98,bebf5f5b2a674631ab5c88fd1aa9e87a,1535385101398009,samples/CAM_FRONT/n008-2018-08-27-11-48-51-0400__CAM_FRONT__1535385101362404.jpg,data/outputs/phase_1_7_manual_audit_mini/visualizations/252b65dd79ce4712af1b898b64ea3b98_one_page.png,decelerate,decelerate,yes,yes,yes,not_available,none,none,phase-1.6-meta-action-v0.1,not_available,phase-1.7-mini-audit,medium,rule_boundary_sample,not_available,not_available,not_available,not_available,,trajectory_speed_proxy_only,40,7,21.216122614239836,0.4765280849671383,21.224227754593525,-1.642401831
3d9b4a27209e4624b491f48144be21d6,2fc3753772e241f2ab2cd16a784cc680,1535657114148383,samples/CAM_FRONT/n008-2018-08-30-15-16-55-0400__CAM_FRONT__1535657114112404.jpg,data/outputs/phase_1_7_manual_audit_mini/visualizations/3d9b4a27209e4624b491f48144be21d6_one_page.png,decelerate,decelerate,yes,yes,yes,not_available,none,none,phase-1.6-meta-action-v0.1,not_available,phase-1.7-mini-audit,medium,rule_boundary_sample,not_available,not_available,not_available,not_available,,trajectory_speed_proxy_only,14,7,3.8626136348242825,-0.119860299,3.864844791760851,-1.905212348
407969e29bf741f184bf8405af03588e,2fc3753772e241f2ab2cd16a784cc680,1535657111149672,samples/CAM_FRONT/n008-2018-08-30-15-16-55-0400__CAM_FRONT__1535657111112404.jpg,data/outputs/phase_1_7_manual_audit_mini/visualizations/407969e29bf741f184bf8405af03588e_one_page.png,decelerate,decelerate,yes,yes,yes,not_available,none,none,phase-1.6-meta-action-v0.1,not_available,phase-1.7-mini-audit,medium,rule_boundary_sample,not_available,not_available,not_available,not_available,,trajectory_speed_proxy_only,13,7,9.59665694017317,-0.546269216,9.612790316791525,-1.588968746
00889f8a9549450aa2f32cf310a3e305,2fc3753772e241f2ab2cd16a784cc680,1535657119649820,samples/CAM_FRONT/n008-2018-08-30-15-16-55-0400__CAM_FRONT__1535657119612404.jpg,data/outputs/phase_1_7_manual_audit_mini/visualizations/00889f8a9549450aa2f32cf310a3e305_one_page.png,stop,stop,yes,yes,yes,not_available,none,none,phase-1.6-meta-action-v0.1,not_available,phase-1.7-mini-audit,medium,rule_boundary_sample,not_available,not_available,not_available,not_available,,stop_threshold_candidate,14,7,-2.82E-05,-0.001962051,0.00199960048170515,-0.000511207
0373e9d8886648779c8a73304919ab5f,2fc3753772e241f2ab2cd16a784cc680,1535657121149429,samples/CAM_FRONT/n008-2018-08-30-15-16-55-0400__CAM_FRONT__1535657121112404.jpg,data/outputs/phase_1_7_manual_audit_mini/visualizations/0373e9d8886648779c8a73304919ab5f_one_page.png,stop,stop,yes,yes,yes,not_available,none,none,phase-1.6-meta-action-v0.1,not_available,phase-1.7-mini-audit,medium,rule_boundary_sample,not_available,not_available,not_available,not_available,,stop_threshold_candidate,16,7,9.454226275151922e-05,-0.001220784,0.0012828980578392531,-0.000267596
236f1ecb6ee7459d918cd011831674d6,e233467e827140efa4b42d2b4c435855,1542801004447480,samples/CAM_FRONT/n015-2018-11-21-19-38-26+0800__CAM_FRONT__1542801004412460.jpg,data/outputs/phase_1_7_manual_audit_mini/visualizations/236f1ecb6ee7459d918cd011831674d6_one_page.png,stop,stop,yes,yes,yes,not_available,none,none,phase-1.6-meta-action-v0.1,not_available,phase-1.7-mini-audit,high,rule_boundary_sample,not_available,not_available,not_available,not_available,all_zero_trajectory,none,19,7,-8.23E-05,-3.34E-05,0.000396008730627047,7.554255465403715e-05
286532245ff646a9915070c8b402e487,2fc3753772e241f2ab2cd16a784cc680,1535657117649169,samples/CAM_FRONT/n008-2018-08-30-15-16-55-0400__CAM_FRONT__1535657117612404.jpg,data/outputs/phase_1_7_manual_audit_mini/visualizations/286532245ff646a9915070c8b402e487_one_page.png,stop,stop,yes,yes,yes,not_available,none,none,phase-1.6-meta-action-v0.1,not_available,phase-1.7-mini-audit,medium,rule_boundary_sample,not_available,not_available,not_available,not_available,,stop_threshold_candidate,16,7,-0.0135622,-0.004034581,0.015862519949992205,-0.02336624
37535cd306954669a2b21578573b93e3,6f83169d067343658251f72e1dd17dbc,1535489309896252,samples/CAM_FRONT/n008-2018-08-28-16-43-51-0400__CAM_FRONT__1535489309862404.jpg,data/outputs/phase_1_7_manual_audit_mini/visualizations/37535cd306954669a2b21578573b93e3_one_page.png,stop,stop,yes,yes,yes,not_available,none,none,phase-1.6-meta-action-v0.1,not_available,phase-1.7-mini-audit,high,rule_boundary_sample,not_available,not_available,not_available,not_available,all_zero_trajectory,none,30,7,6.640726661259959e-07,-3.96E-07,3.0120376296992423e-05,4.752160114044193e-06
bf2938e43c6f487497cda76b51bfc406,cc8c0bf57f984915a77078b10eb33198,1532402936699359,samples/CAM_FRONT/n015-2018-07-24-11-22-45+0800__CAM_FRONT__1532402936662460.jpg,data/outputs/phase_1_7_manual_audit_mini/visualizations/bf2938e43c6f487497cda76b51bfc406_one_page.png,left_lateral,left_lateral,yes,yes,yes,not_available,none,none,phase-1.6-meta-action-v0.1,not_available,phase-1.7-mini-audit,high,action_top_up_left_lateral,not_available,not_available,not_available,not_available,,none,142,7,11.91023908293231,3.812991694989442,12.7039129533474,-0.185478256
a19a80c905674faab7203a3a4e0f5246,325cef682f064c55a255f2625c533b75,1538984241447959,samples/CAM_FRONT/n015-2018-10-08-15-36-50+0800__CAM_FRONT__1538984241412460.jpg,data/outputs/phase_1_7_manual_audit_mini/visualizations/a19a80c905674faab7203a3a4e0f5246_one_page.png,right_lateral,right_lateral,yes,yes,yes,not_available,none,"also accelerating, but lateral action has priority",phase-1.6-meta-action-v0.1,not_available,phase-1.7-mini-audit,high,action_top_up_right_lateral,not_available,not_available,not_available,not_available,,none,62,7,10.50141797833974,-7.682380886,13.4943933195082,1.2369669406637414
17723c0411434e48875a93de4db0ecba,c5224b9b454b4ded9b5d2d2634bbda8a,1538448750047463,samples/CAM_FRONT/n015-2018-10-02-10-50-40+0800__CAM_FRONT__1538448750012460.jpg,data/outputs/phase_1_7_manual_audit_mini/visualizations/17723c0411434e48875a93de4db0ecba_one_page.png,keep,keep,yes,yes,yes,not_available,none,none,phase-1.6-meta-action-v0.1,not_available,phase-1.7-mini-audit,high,coverage_fill_sample,not_available,not_available,not_available,not_available,,none,18,7,35.688637333298914,-0.545898092,35.69324626880333,0.09108405930633268
19f02e3faab4412988f28d419e1727fa,c5224b9b454b4ded9b5d2d2634bbda8a,1538448751048300,samples/CAM_FRONT/n015-2018-10-02-10-50-40+0800__CAM_FRONT__1538448751012460.jpg,data/outputs/phase_1_7_manual_audit_mini/visualizations/19f02e3faab4412988f28d419e1727fa_one_page.png,keep,keep,yes,yes,yes,not_available,none,none,phase-1.6-meta-action-v0.1,not_available,phase-1.7-mini-audit,high,coverage_fill_sample,not_available,not_available,not_available,not_available,,none,14,7,35.90951315936946,0.04247995466007737,35.909934297970864,0.08872429168842544
1dba6570f0774b5cb87de6694bb338c0,c5224b9b454b4ded9b5d2d2634bbda8a,1538448759047433,samples/CAM_FRONT/n015-2018-10-02-10-50-40+0800__CAM_FRONT__1538448759012460.jpg,data/outputs/phase_1_7_manual_audit_mini/visualizations/1dba6570f0774b5cb87de6694bb338c0_one_page.png,keep,keep,yes,yes,yes,not_available,none,none,phase-1.6-meta-action-v0.1,not_available,phase-1.7-mini-audit,high,coverage_fill_sample,not_available,not_available,not_available,not_available,,none,11,7,36.20839657541371,-0.35173206,36.21018878030087,0.216479496183144
21342b260f964064855aa8ad1e741a22,bebf5f5b2a674631ab5c88fd1aa9e87a,1535385107452513,samples/CAM_FRONT/n008-2018-08-27-11-48-51-0400__CAM_FRONT__1535385107412404.jpg,data/outputs/phase_1_7_manual_audit_mini/visualizations/21342b260f964064855aa8ad1e741a22_one_page.png,keep,keep,yes,yes,yes,not_available,none,none,phase-1.6-meta-action-v0.1,not_available,phase-1.7-mini-audit,high,coverage_fill_sample,not_available,not_available,not_available,not_available,,none,47,7,26.093537982790362,-0.122007117,26.09407399624861,0.39639505945887166
264c5f3a04744d53a72fd07c1bb6a724,c5224b9b454b4ded9b5d2d2634bbda8a,1538448757048500,samples/CAM_FRONT/n015-2018-10-02-10-50-40+0800__CAM_FRONT__1538448757012460.jpg,data/outputs/phase_1_7_manual_audit_mini/visualizations/264c5f3a04744d53a72fd07c1bb6a724_one_page.png,keep,keep,yes,yes,yes,not_available,none,none,phase-1.6-meta-action-v0.1,not_available,phase-1.7-mini-audit,high,coverage_fill_sample,not_available,not_available,not_available,not_available,,none,11,7,35.19854943077405,-0.707625272,35.20708735275854,0.28637059242751306
269ccf1fe399403c914e1f649d2a8ca2,c5224b9b454b4ded9b5d2d2634bbda8a,1538448758048230,samples/CAM_FRONT/n015-2018-10-02-10-50-40+0800__CAM_FRONT__1538448758012460.jpg,data/outputs/phase_1_7_manual_audit_mini/visualizations/269ccf1fe399403c914e1f649d2a8ca2_one_page.png,keep,keep,yes,yes,yes,not_available,none,none,phase-1.6-meta-action-v0.1,not_available,phase-1.7-mini-audit,high,coverage_fill_sample,not_available,not_available,not_available,not_available,,none,10,7,35.7439178393335,-0.625808971,35.75024117892611,0.4605403851130756
2e024439286d469f8f743fe9266c0e56,bebf5f5b2a674631ab5c88fd1aa9e87a,1535385105950634,samples/CAM_FRONT/n008-2018-08-27-11-48-51-0400__CAM_FRONT__1535385105912404.jpg,data/outputs/phase_1_7_manual_audit_mini/visualizations/2e024439286d469f8f743fe9266c0e56_one_page.png,keep,keep,yes,yes,yes,not_available,none,none,phase-1.6-meta-action-v0.1,not_available,phase-1.7-mini-audit,high,coverage_fill_sample,not_available,not_available,not_available,not_available,,none,58,7,25.62675846074637,-0.167884692,25.627404736122326,0.34588791353184867
312cd4d3bef1476a9211d3dab50dd0b7,c5224b9b454b4ded9b5d2d2634bbda8a,1538448751548178,samples/CAM_FRONT/n015-2018-10-02-10-50-40+0800__CAM_FRONT__1538448751512460.jpg,data/outputs/phase_1_7_manual_audit_mini/visualizations/312cd4d3bef1476a9211d3dab50dd0b7_one_page.png,keep,keep,yes,yes,yes,not_available,none,none,phase-1.6-meta-action-v0.1,not_available,phase-1.7-mini-audit,high,coverage_fill_sample,not_available,not_available,not_available,not_available,,none,14,7,35.895518409517045,-0.106693334,35.895951001703324,0.07581097439491025
348c8122f47349429a6cd694dcac86e6,2fc3753772e241f2ab2cd16a784cc680,1535657115148131,samples/CAM_FRONT/n008-2018-08-30-15-16-55-0400__CAM_FRONT__1535657115112404.jpg,data/outputs/phase_1_7_manual_audit_mini/visualizations/348c8122f47349429a6cd694dcac86e6_one_page.png,keep,decelerate,no,yes,yes,not_available,keep_vs_decelerate_confusion,approx_delta_speed_mps < -1.0,phase-1.6-meta-action-v0.1,not_available,phase-1.7-mini-audit,low,rule_boundary_sample,not_available,not_available,not_available,not_available,insufficient_forward_displacement,keep_vs_decelerate_ambiguity,12,7,1.8315346537214245,-0.059116926,1.8567856866310095,-1.577042834
39bc0a6b3692446d8ba3bde3d6a0774e,bebf5f5b2a674631ab5c88fd1aa9e87a,1535385097901019,samples/CAM_FRONT/n008-2018-08-27-11-48-51-0400__CAM_FRONT__1535385097862411.jpg,data/outputs/phase_1_7_manual_audit_mini/visualizations/39bc0a6b3692446d8ba3bde3d6a0774e_one_page.png,keep,keep,yes,yes,yes,not_available,none,none,phase-1.6-meta-action-v0.1,not_available,phase-1.7-mini-audit,high,coverage_fill_sample,not_available,not_available,not_available,not_available,,none,48,7,24.71810532936472,-0.749975385,24.73034013382365,-0.046858059
3a7aa284dd9d485d8effc20db8cda140,c5224b9b454b4ded9b5d2d2634bbda8a,1538448749047731,samples/CAM_FRONT/n015-2018-10-02-10-50-40+0800__CAM_FRONT__1538448749012460.jpg,data/outputs/phase_1_7_manual_audit_mini/visualizations/3a7aa284dd9d485d8effc20db8cda140_one_page.png,keep,keep,yes,yes,yes,not_available,none,none,phase-1.6-meta-action-v0.1,not_available,phase-1.7-mini-audit,high,coverage_fill_sample,not_available,not_available,not_available,not_available,,none,14,7,35.682223845373585,-0.33137484,35.684473140810866,-0.10126592
3d22d2c87c5b483a914c7e8125326013,2fc3753772e241f2ab2cd16a784cc680,1535657117149304,samples/CAM_FRONT/n008-2018-08-30-15-16-55-0400__CAM_FRONT__1535657117112404.jpg,data/outputs/phase_1_7_manual_audit_mini/visualizations/3d22d2c87c5b483a914c7e8125326013_one_page.png,stop,stop,yes,yes,yes,not_available,none,none,phase-1.6-meta-action-v0.1,not_available,phase-1.7-mini-audit,medium,rule_boundary_sample,not_available,not_available,not_available,not_available,,stop_threshold_candidate,16,7,0.02693598558016632,-0.006253197,0.056002294426672386,-0.080157403
3e7ed5cf0b4541e4a0e1b109dfea89cf,c5224b9b454b4ded9b5d2d2634bbda8a,1538448759546758,samples/CAM_FRONT/n015-2018-10-02-10-50-40+0800__CAM_FRONT__1538448759512460.jpg,data/outputs/phase_1_7_manual_audit_mini/visualizations/3e7ed5cf0b4541e4a0e1b109dfea89cf_one_page.png,keep,keep,yes,yes,yes,not_available,none,none,phase-1.6-meta-action-v0.1,not_available,phase-1.7-mini-audit,high,coverage_fill_sample,not_available,not_available,not_available,not_available,,none,10,7,36.332514336222566,-0.242431191,36.333405620507996,0.1624214703570157
447c96d132e9494e8b03050e8dcae124,bebf5f5b2a674631ab5c88fd1aa9e87a,1535385099899436,samples/CAM_FRONT/n008-2018-08-27-11-48-51-0400__CAM_FRONT__1535385099862404.jpg,data/outputs/phase_1_7_manual_audit_mini/visualizations/447c96d132e9494e8b03050e8dcae124_one_page.png,decelerate,decelerate,yes,yes,yes,not_available,none,none,phase-1.6-meta-action-v0.1,not_available,phase-1.7-mini-audit,medium,rule_boundary_sample,not_available,not_available,not_available,not_available,,trajectory_speed_proxy_only,46,7,24.260556349834154,0.08443312426823313,24.26217218522654,-1.717530651
46292fc546f048f29520299220f22798,2fc3753772e241f2ab2cd16a784cc680,1535657122149177,samples/CAM_FRONT/n008-2018-08-30-15-16-55-0400__CAM_FRONT__1535657122112404.jpg,data/outputs/phase_1_7_manual_audit_mini/visualizations/46292fc546f048f29520299220f22798_one_page.png,stop,stop,yes,yes,yes,not_available,none,none,phase-1.6-meta-action-v0.1,not_available,phase-1.7-mini-audit,high,rule_boundary_sample,not_available,not_available,not_available,not_available,all_zero_trajectory,none,15,7,2.057627896135254e-05,-0.0008973,0.0009569947644207685,-0.000215817
4786b3c0d0a24c8b86b0676d32dd5919,c5224b9b454b4ded9b5d2d2634bbda8a,1538448754047572,samples/CAM_FRONT/n015-2018-10-02-10-50-40+0800__CAM_FRONT__1538448754012460.jpg,data/outputs/phase_1_7_manual_audit_mini/visualizations/4786b3c0d0a24c8b86b0676d32dd5919_one_page.png,keep,keep,yes,yes,yes,not_available,none,none,phase-1.6-meta-action-v0.1,not_available,phase-1.7-mini-audit,high,coverage_fill_sample,not_available,not_available,not_available,not_available,,none,13,7,35.900794129427325,-0.0723843,35.90125775365392,-0.214986022
4aaaf68b9f9f45968a4e862eb03e17ea,c5224b9b454b4ded9b5d2d2634bbda8a,1538448752048628,samples/CAM_FRONT/n015-2018-10-02-10-50-40+0800__CAM_FRONT__1538448752012460.jpg,data/outputs/phase_1_7_manual_audit_mini/visualizations/4aaaf68b9f9f45968a4e862eb03e17ea_one_page.png,keep,keep,yes,yes,yes,not_available,none,none,phase-1.6-meta-action-v0.1,not_available,phase-1.7-mini-audit,high,coverage_fill_sample,not_available,not_available,not_available,not_available,,none,14,7,35.981020911110335,-0.401994303,35.98363153656823,0.05346928984386423
4d8ff5b287bb4e1ba6d0a0f79fc74457,2fc3753772e241f2ab2cd16a784cc680,1535657123648262,samples/CAM_FRONT/n008-2018-08-30-15-16-55-0400__CAM_FRONT__1535657123612404.jpg,data/outputs/phase_1_7_manual_audit_mini/visualizations/4d8ff5b287bb4e1ba6d0a0f79fc74457_one_page.png,stop,stop,yes,yes,yes,not_available,none,none,phase-1.6-meta-action-v0.1,not_available,phase-1.7-mini-audit,high,rule_boundary_sample,not_available,not_available,not_available,not_available,all_zero_trajectory,none,15,7,2.039260838253996e-05,-0.000568316,0.0006444693790757007,-0.000148941
4ee219c4638949de9d994bc792fd0a69,c5224b9b454b4ded9b5d2d2634bbda8a,1538448754547448,samples/CAM_FRONT/n015-2018-10-02-10-50-40+0800__CAM_FRONT__1538448754512460.jpg,data/outputs/phase_1_7_manual_audit_mini/visualizations/4ee219c4638949de9d994bc792fd0a69_one_page.png,keep,keep,yes,yes,yes,not_available,none,none,phase-1.6-meta-action-v0.1,not_available,phase-1.7-mini-audit,high,coverage_fill_sample,not_available,not_available,not_available,not_available,,none,14,7,35.74797155081313,0.0446760285206782,35.748344055123155,-0.38109359
521cde13efcc4f7cb5f93db99cce30f4,bebf5f5b2a674631ab5c88fd1aa9e87a,1535385108451734,samples/CAM_FRONT/n008-2018-08-27-11-48-51-0400__CAM_FRONT__1535385108412412.jpg,data/outputs/phase_1_7_manual_audit_mini/visualizations/521cde13efcc4f7cb5f93db99cce30f4_one_page.png,keep,keep,yes,yes,yes,not_available,none,none,phase-1.6-meta-action-v0.1,not_available,phase-1.7-mini-audit,high,coverage_fill_sample,not_available,not_available,not_available,not_available,,none,47,7,26.471659308940918,0.18041695086827378,26.473489566490272,-0.013421306
576f17c305324ed7bf460f0110617355,bebf5f5b2a674631ab5c88fd1aa9e87a,1535385098900804,samples/CAM_FRONT/n008-2018-08-27-11-48-51-0400__CAM_FRONT__1535385098862404.jpg,data/outputs/phase_1_7_manual_audit_mini/visualizations/576f17c305324ed7bf460f0110617355_one_page.png,keep,keep,yes,yes,yes,not_available,none,none,phase-1.6-meta-action-v0.1,not_available,phase-1.7-mini-audit,high,coverage_fill_sample,not_available,not_available,not_available,not_available,,none,44,7,25.312605506765557,-0.448858969,25.316742949380235,0.4136607893492421
59b32981037042eda1fed3c1026fbaba,c5224b9b454b4ded9b5d2d2634bbda8a,1538448758547578,samples/CAM_FRONT/n015-2018-10-02-10-50-40+0800__CAM_FRONT__1538448758512460.jpg,data/outputs/phase_1_7_manual_audit_mini/visualizations/59b32981037042eda1fed3c1026fbaba_one_page.png,keep,keep,yes,yes,yes,not_available,none,none,phase-1.6-meta-action-v0.1,not_available,phase-1.7-mini-audit,high,coverage_fill_sample,not_available,not_available,not_available,not_available,,none,11,7,35.992337547754516,-0.481341215,35.99586931382835,0.4752491966607959
5c85640c10d9485c86bf6eb44778c002,bebf5f5b2a674631ab5c88fd1aa9e87a,1535385096399680,samples/CAM_FRONT/n008-2018-08-27-11-48-51-0400__CAM_FRONT__1535385096362404.jpg,data/outputs/phase_1_7_manual_audit_mini/visualizations/5c85640c10d9485c86bf6eb44778c002_one_page.png,keep,keep,yes,yes,yes,not_available,none,none,phase-1.6-meta-action-v0.1,not_available,phase-1.7-mini-audit,high,coverage_fill_sample,not_available,not_available,not_available,not_available,,none,49,7,25.264231232358583,-0.326485076,25.267830195039487,-0.505617545
5f6cc6483988439a824cec99e28bb5b9,bebf5f5b2a674631ab5c88fd1aa9e87a,1535385094949783,samples/CAM_FRONT/n008-2018-08-27-11-48-51-0400__CAM_FRONT__1535385094912404.jpg,data/outputs/phase_1_7_manual_audit_mini/visualizations/5f6cc6483988439a824cec99e28bb5b9_one_page.png,keep,keep,yes,yes,yes,not_available,none,none,phase-1.6-meta-action-v0.1,not_available,phase-1.7-mini-audit,high,coverage_fill_sample,not_available,not_available,not_available,not_available,,none,47,7,25.128196840107147,-0.012174995,25.12882080165476,-0.20125495
61d47d1198184bfdaa6777e9448d825d,c5224b9b454b4ded9b5d2d2634bbda8a,1538448755548316,samples/CAM_FRONT/n015-2018-10-02-10-50-40+0800__CAM_FRONT__1538448755512460.jpg,data/outputs/phase_1_7_manual_audit_mini/visualizations/61d47d1198184bfdaa6777e9448d825d_one_page.png,keep,keep,yes,yes,yes,not_available,none,none,phase-1.6-meta-action-v0.1,not_available,phase-1.7-mini-audit,high,coverage_fill_sample,not_available,not_available,not_available,not_available,,none,12,7,35.32289079091472,-0.144913794,35.32392684140243,-0.339694151
639a4120779f44bb9cf41be3e8612e36,c5224b9b454b4ded9b5d2d2634bbda8a,1538448752549040,samples/CAM_FRONT/n015-2018-10-02-10-50-40+0800__CAM_FRONT__1538448752512460.jpg,data/outputs/phase_1_7_manual_audit_mini/visualizations/639a4120779f44bb9cf41be3e8612e36_one_page.png,keep,keep,yes,yes,yes,not_available,none,none,phase-1.6-meta-action-v0.1,not_available,phase-1.7-mini-audit,high,coverage_fill_sample,not_available,not_available,not_available,not_available,,none,11,7,36.000240182336384,-0.449663765,36.00325302675022,0.14876188797522083
6b7487db4612438db7d446e2832a9e2e,2fc3753772e241f2ab2cd16a784cc680,1535657113148632,samples/CAM_FRONT/n008-2018-08-30-15-16-55-0400__CAM_FRONT__1535657113112404.jpg,data/outputs/phase_1_7_manual_audit_mini/visualizations/6b7487db4612438db7d446e2832a9e2e_one_page.png,decelerate,decelerate,yes,yes,yes,not_available,none,none,phase-1.6-meta-action-v0.1,not_available,phase-1.7-mini-audit,medium,rule_boundary_sample,not_available,not_available,not_available,not_available,,trajectory_speed_proxy_only,14,7,5.98570858805508,-0.141451453,5.98780777851921,-1.622472656
6d5d0e60cbf4429d8b6cfa055924e5ca,c5224b9b454b4ded9b5d2d2634bbda8a,1538448745547460,samples/CAM_FRONT/n015-2018-10-02-10-50-40+0800__CAM_FRONT__1538448745512460.jpg,data/outputs/phase_1_7_manual_audit_mini/visualizations/6d5d0e60cbf4429d8b6cfa055924e5ca_one_page.png,keep,keep,yes,yes,yes,not_available,none,none,phase-1.6-meta-action-v0.1,not_available,phase-1.7-mini-audit,high,coverage_fill_sample,not_available,not_available,not_available,not_available,,none,16,7,37.7448944239524,-0.269597706,37.74596609542259,-0.693530161
6e004695af1549c398a52b5c95e22060,bebf5f5b2a674631ab5c88fd1aa9e87a,1535385104949764,samples/CAM_FRONT/n008-2018-08-27-11-48-51-0400__CAM_FRONT__1535385104912404.jpg,data/outputs/phase_1_7_manual_audit_mini/visualizations/6e004695af1549c398a52b5c95e22060_one_page.png,keep,keep,yes,yes,yes,not_available,none,none,phase-1.6-meta-action-v0.1,not_available,phase-1.7-mini-audit,high,coverage_fill_sample,not_available,not_available,not_available,not_available,,none,59,7,25.15362443713235,-0.627539473,25.16215953933582,0.2525867390263379
73ccc9c10a3547849b8ff130d50bac98,2fc3753772e241f2ab2cd16a784cc680,1535657124648599,samples/CAM_FRONT/n008-2018-08-30-15-16-55-0400__CAM_FRONT__1535657124612404.jpg,data/outputs/phase_1_7_manual_audit_mini/visualizations/73ccc9c10a3547849b8ff130d50bac98_one_page.png,stop,stop,yes,yes,yes,not_available,none,none,phase-1.6-meta-action-v0.1,not_available,phase-1.7-mini-audit,high,rule_boundary_sample,not_available,not_available,not_available,not_available,all_zero_trajectory,none,15,7,-0.000120535,-0.000420066,0.0004740231052085542,-0.000112559
73e2b7fb98ef41aface277a968d65941,2fc3753772e241f2ab2cd16a784cc680,1535657118149616,samples/CAM_FRONT/n008-2018-08-30-15-16-55-0400__CAM_FRONT__1535657118112404.jpg,data/outputs/phase_1_7_manual_audit_mini/visualizations/73e2b7fb98ef41aface277a968d65941_one_page.png,stop,stop,yes,yes,yes,not_available,none,none,phase-1.6-meta-action-v0.1,not_available,phase-1.7-mini-audit,medium,rule_boundary_sample,not_available,not_available,not_available,not_available,,stop_threshold_candidate,15,7,-0.001613666,-0.003287146,0.00412070345306791,-0.002581483
73eb876167f4419a9a6ec1a601abdcaf,2fc3753772e241f2ab2cd16a784cc680,1535657114648261,samples/CAM_FRONT/n008-2018-08-30-15-16-55-0400__CAM_FRONT__1535657114612404.jpg,data/outputs/phase_1_7_manual_audit_mini/visualizations/73eb876167f4419a9a6ec1a601abdcaf_one_page.png,keep,decelerate,no,yes,yes,not_available,keep_vs_decelerate_confusion,The forward distance is greater than 1 meter and approx_delta_speed_mps is less than -1.,phase-1.6-meta-action-v0.1,not_available,phase-1.7-mini-audit,low,rule_boundary_sample,not_available,not_available,not_available,not_available,insufficient_forward_displacement,keep_vs_decelerate_ambiguity,13,7,2.8120932520088755,-0.099465042,2.8141742095829874,-1.858184065
79937d5eae1d450499677a0dcffa210c,bebf5f5b2a674631ab5c88fd1aa9e87a,1535385095949554,samples/CAM_FRONT/n008-2018-08-27-11-48-51-0400__CAM_FRONT__1535385095912404.jpg,data/outputs/phase_1_7_manual_audit_mini/visualizations/79937d5eae1d450499677a0dcffa210c_one_page.png,keep,keep,yes,yes,yes,not_available,none,none,phase-1.6-meta-action-v0.1,not_available,phase-1.7-mini-audit,high,coverage_fill_sample,not_available,not_available,not_available,not_available,,none,48,7,25.00176059911355,-0.180417272,25.003215981462905,0.07452998995583826
7ae00681137b40f5bd7bef3823a82ee2,2fc3753772e241f2ab2cd16a784cc680,1535657115648632,samples/CAM_FRONT/n008-2018-08-30-15-16-55-0400__CAM_FRONT__1535657115612404.jpg,data/outputs/phase_1_7_manual_audit_mini/visualizations/7ae00681137b40f5bd7bef3823a82ee2_one_page.png,keep,decelerate,no,yes,yes,not_available,keep_vs_decelerate_confusion,The forward distance is greater than 1 meter and approx_delta_speed_mps is less than -1.,phase-1.6-meta-action-v0.1,not_available,phase-1.7-mini-audit,low,rule_boundary_sample,not_available,not_available,not_available,not_available,speed_threshold_boundary;insufficient_forward_displacement,keep_vs_decelerate_ambiguity,12,7,1.0294346082681272,-0.023958488,1.057035712556549,-1.087600437
7bf1cef0e253474e847ee4c2eb955901,d25718445d89453381c659b9c8734939,1542800381897652,samples/CAM_FRONT/n015-2018-11-21-19-38-26+0800__CAM_FRONT__1542800381862460.jpg,data/outputs/phase_1_7_manual_audit_mini/visualizations/7bf1cef0e253474e847ee4c2eb955901_one_page.png,keep,keep,yes,yes,yes,not_available,none,none,phase-1.6-meta-action-v0.1,not_available,phase-1.7-mini-audit,high,coverage_fill_sample,not_available,not_available,not_available,not_available,,none,16,7,45.14897357017646,0.5963628670096988,45.15566299554236,-0.278101672
7df1288fed8a403b8e7a35112b392d7c,c5224b9b454b4ded9b5d2d2634bbda8a,1538448756547528,samples/CAM_FRONT/n015-2018-10-02-10-50-40+0800__CAM_FRONT__1538448756512460.jpg,data/outputs/phase_1_7_manual_audit_mini/visualizations/7df1288fed8a403b8e7a35112b392d7c_one_page.png,keep,keep,yes,yes,yes,not_available,none,none,phase-1.6-meta-action-v0.1,not_available,phase-1.7-mini-audit,high,coverage_fill_sample,not_available,not_available,not_available,not_available,,none,12,7,35.10255354408399,-0.697676772,35.11122593189798,0.10502624872176902
7fd597745c26471ab336b3dd41a5f6dc,c5224b9b454b4ded9b5d2d2634bbda8a,1538448750547877,samples/CAM_FRONT/n015-2018-10-02-10-50-40+0800__CAM_FRONT__1538448750512460.jpg,data/outputs/phase_1_7_manual_audit_mini/visualizations/7fd597745c26471ab336b3dd41a5f6dc_one_page.png,keep,keep,yes,yes,yes,not_available,none,none,phase-1.6-meta-action-v0.1,not_available,phase-1.7-mini-audit,high,coverage_fill_sample,not_available,not_available,not_available,not_available,,none,15,7,35.784284044898605,-0.24436052,35.78554577598096,0.20599911246290326
8366b5125ac945f3b93153cfa39f1677,2fc3753772e241f2ab2cd16a784cc680,1535657112648213,samples/CAM_FRONT/n008-2018-08-30-15-16-55-0400__CAM_FRONT__1535657112612404.jpg,data/outputs/phase_1_7_manual_audit_mini/visualizations/8366b5125ac945f3b93153cfa39f1677_one_page.png,decelerate,decelerate,yes,yes,yes,not_available,none,none,phase-1.6-meta-action-v0.1,not_available,phase-1.7-mini-audit,medium,rule_boundary_sample,not_available,not_available,not_available,not_available,,trajectory_speed_proxy_only,14,7,6.960570338915054,-0.153027444,6.962677391657737,-1.4360316
8b6d496ed9d84469b75836ca1c56959f,2fc3753772e241f2ab2cd16a784cc680,1535657116148450,samples/CAM_FRONT/n008-2018-08-30-15-16-55-0400__CAM_FRONT__1535657116112404.jpg,data/outputs/phase_1_7_manual_audit_mini/visualizations/8b6d496ed9d84469b75836ca1c56959f_one_page.png,keep,stop,no,yes,yes,not_available,stop_vs_keep_confusion,The forward distance is less than 0.5 meters.,phase-1.6-meta-action-v0.1,not_available,phase-1.7-mini-audit,low,rule_boundary_sample,not_available,not_available,not_available,not_available,insufficient_forward_displacement,low_forward_displacement_speed_guard,13,7,0.48431042404359476,-0.011709045,0.5123994968448523,-0.634145323
91d9058720eb4c25a172236e14e11085,bebf5f5b2a674631ab5c88fd1aa9e87a,1535385096900138,samples/CAM_FRONT/n008-2018-08-27-11-48-51-0400__CAM_FRONT__1535385096862404.jpg,data/outputs/phase_1_7_manual_audit_mini/visualizations/91d9058720eb4c25a172236e14e11085_one_page.png,keep,keep,yes,yes,yes,not_available,none,none,phase-1.6-meta-action-v0.1,not_available,phase-1.7-mini-audit,high,coverage_fill_sample,not_available,not_available,not_available,not_available,,none,48,7,24.968722090136175,-0.565083728,24.977563430830852,-0.695973778
96d915e8b7e44bacba3c78e76a924e5c,bebf5f5b2a674631ab5c88fd1aa9e87a,1535385108951051,samples/CAM_FRONT/n008-2018-08-27-11-48-51-0400__CAM_FRONT__1535385108912404.jpg,data/outputs/phase_1_7_manual_audit_mini/visualizations/96d915e8b7e44bacba3c78e76a924e5c_one_page.png,keep,keep,yes,yes,yes,not_available,none,none,phase-1.6-meta-action-v0.1,not_available,phase-1.7-mini-audit,high,coverage_fill_sample,not_available,not_available,not_available,not_available,,none,46,7,26.47240420347725,0.17336076262279126,26.473941693389598,0.04525084238847299
9768a199e4884a0db50d015703efe969,bebf5f5b2a674631ab5c88fd1aa9e87a,1535385097400558,samples/CAM_FRONT/n008-2018-08-27-11-48-51-0400__CAM_FRONT__1535385097362404.jpg,data/outputs/phase_1_7_manual_audit_mini/visualizations/9768a199e4884a0db50d015703efe969_one_page.png,keep,keep,yes,yes,yes,not_available,none,none,phase-1.6-meta-action-v0.1,not_available,phase-1.7-mini-audit,high,coverage_fill_sample,not_available,not_available,not_available,not_available,,none,48,7,24.740842690359845,-0.76849185,24.754650540036362,-0.284060312
9a0a16d628ae41d1ab25c9cdfc66d6a1,bebf5f5b2a674631ab5c88fd1aa9e87a,1535385107953148,samples/CAM_FRONT/n008-2018-08-27-11-48-51-0400__CAM_FRONT__1535385107912404.jpg,data/outputs/phase_1_7_manual_audit_mini/visualizations/9a0a16d628ae41d1ab25c9cdfc66d6a1_one_page.png,keep,keep,yes,yes,yes,not_available,none,none,phase-1.6-meta-action-v0.1,not_available,phase-1.7-mini-audit,high,coverage_fill_sample,not_available,not_available,not_available,not_available,,none,45,7,26.311203011090186,0.04767366053765862,26.31226282327307,0.17522337048357528
9ecb1b79dbe140ca860efc4adebe854b,2fc3753772e241f2ab2cd16a784cc680,1535657122649085,samples/CAM_FRONT/n008-2018-08-30-15-16-55-0400__CAM_FRONT__1535657122612404.jpg,data/outputs/phase_1_7_manual_audit_mini/visualizations/9ecb1b79dbe140ca860efc4adebe854b_one_page.png,stop,stop,yes,yes,yes,not_available,none,none,phase-1.6-meta-action-v0.1,not_available,phase-1.7-mini-audit,high,rule_boundary_sample,not_available,not_available,not_available,not_available,all_zero_trajectory,none,16,7,-1.43E-05,-0.000770217,0.0008253166948363954,-0.000202716
a51146d2b181450292623ec03ade9f03,c5224b9b454b4ded9b5d2d2634bbda8a,1538448746047898,samples/CAM_FRONT/n015-2018-10-02-10-50-40+0800__CAM_FRONT__1538448746012460.jpg,data/outputs/phase_1_7_manual_audit_mini/visualizations/a51146d2b181450292623ec03ade9f03_one_page.png,keep,keep,yes,yes,yes,not_available,none,none,phase-1.6-meta-action-v0.1,not_available,phase-1.7-mini-audit,low,rule_boundary_sample,not_available,not_available,not_available,not_available,speed_threshold_boundary,keep_vs_decelerate_ambiguity,15,7,37.2734492621814,-0.198904085,37.274127778747534,-0.865229102
a5addc41b07842768a2183abdd01cff8,2fc3753772e241f2ab2cd16a784cc680,1535657121649287,samples/CAM_FRONT/n008-2018-08-30-15-16-55-0400__CAM_FRONT__1535657121612404.jpg,data/outputs/phase_1_7_manual_audit_mini/visualizations/a5addc41b07842768a2183abdd01cff8_one_page.png,stop,stop,yes,yes,yes,not_available,none,none,phase-1.6-meta-action-v0.1,not_available,phase-1.7-mini-audit,medium,rule_boundary_sample,not_available,not_available,not_available,not_available,,stop_threshold_candidate,16,7,2.1408185345668062e-05,-0.001046002,0.0010986782176826764,-0.000274988
a9def8f915cf4bfe9c74b864384ec6c7,2fc3753772e241f2ab2cd16a784cc680,1535657116649423,samples/CAM_FRONT/n008-2018-08-30-15-16-55-0400__CAM_FRONT__1535657116612404.jpg,data/outputs/phase_1_7_manual_audit_mini/visualizations/a9def8f915cf4bfe9c74b864384ec6c7_one_page.png,stop,stop,yes,yes,yes,not_available,none,none,phase-1.6-meta-action-v0.1,not_available,phase-1.7-mini-audit,medium,rule_boundary_sample,not_available,not_available,not_available,not_available,,stop_threshold_candidate,14,7,0.1659311482096049,-0.008260884,0.19459448974159685,-0.277065048
ac9af15d1aba4f5786877dde9f0b1c93,c5224b9b454b4ded9b5d2d2634bbda8a,1538448755047865,samples/CAM_FRONT/n015-2018-10-02-10-50-40+0800__CAM_FRONT__1538448755012460.jpg,data/outputs/phase_1_7_manual_audit_mini/visualizations/ac9af15d1aba4f5786877dde9f0b1c93_one_page.png,keep,keep,yes,yes,yes,not_available,none,none,phase-1.6-meta-action-v0.1,not_available,phase-1.7-mini-audit,high,coverage_fill_sample,not_available,not_available,not_available,not_available,,none,14,7,35.52323722697399,0.004242808280785937,35.52371037779342,-0.41952422
af8c2d8187aa463eab3cccbd6abc1573,2fc3753772e241f2ab2cd16a784cc680,1535657124148113,samples/CAM_FRONT/n008-2018-08-30-15-16-55-0400__CAM_FRONT__1535657124112404.jpg,data/outputs/phase_1_7_manual_audit_mini/visualizations/af8c2d8187aa463eab3cccbd6abc1573_one_page.png,stop,stop,yes,yes,yes,not_available,none,none,phase-1.6-meta-action-v0.1,not_available,phase-1.7-mini-audit,high,rule_boundary_sample,not_available,not_available,not_available,not_available,all_zero_trajectory,none,14,7,-9.11E-05,-0.000488557,0.0005347564320367501,-0.000118383
b2e2ffeabf91451cb31a79649bfd95df,bebf5f5b2a674631ab5c88fd1aa9e87a,1535385106952072,samples/CAM_FRONT/n008-2018-08-27-11-48-51-0400__CAM_FRONT__1535385106912404.jpg,data/outputs/phase_1_7_manual_audit_mini/visualizations/b2e2ffeabf91451cb31a79649bfd95df_one_page.png,keep,keep,yes,yes,yes,not_available,none,none,phase-1.6-meta-action-v0.1,not_available,phase-1.7-mini-audit,high,coverage_fill_sample,not_available,not_available,not_available,not_available,,none,55,7,25.469384341997348,-0.142509843,25.469968611463525,0.5046845519975793
b2f333255d574bebb6f170beaab6a824,c5224b9b454b4ded9b5d2d2634bbda8a,1538448753048377,samples/CAM_FRONT/n015-2018-10-02-10-50-40+0800__CAM_FRONT__1538448753012460.jpg,data/outputs/phase_1_7_manual_audit_mini/visualizations/b2f333255d574bebb6f170beaab6a824_one_page.png,keep,keep,yes,yes,yes,not_available,none,none,phase-1.6-meta-action-v0.1,not_available,phase-1.7-mini-audit,high,coverage_fill_sample,not_available,not_available,not_available,not_available,,none,12,7,36.087495312742156,-0.510622855,36.091179524088815,-0.005520991
b422bd971acf483592e367c2c5057a60,c5224b9b454b4ded9b5d2d2634bbda8a,1538448760548179,samples/CAM_FRONT/n015-2018-10-02-10-50-40+0800__CAM_FRONT__1538448760512460.jpg,data/outputs/phase_1_7_manual_audit_mini/visualizations/b422bd971acf483592e367c2c5057a60_one_page.png,keep,keep,yes,yes,yes,not_available,none,none,phase-1.6-meta-action-v0.1,not_available,phase-1.7-mini-audit,high,coverage_fill_sample,not_available,not_available,not_available,not_available,,none,7,7,36.24220003314202,-0.149070591,36.24261305869797,-0.092031589
ba2491f55619445e9d2e472f39f3b01b,bebf5f5b2a674631ab5c88fd1aa9e87a,1535385105450180,samples/CAM_FRONT/n008-2018-08-27-11-48-51-0400__CAM_FRONT__1535385105412404.jpg,data/outputs/phase_1_7_manual_audit_mini/visualizations/ba2491f55619445e9d2e472f39f3b01b_one_page.png,keep,keep,yes,yes,yes,not_available,none,none,phase-1.6-meta-action-v0.1,not_available,phase-1.7-mini-audit,high,coverage_fill_sample,not_available,not_available,not_available,not_available,,none,57,7,25.407894554152577,-0.353934055,25.410536023101223,0.13919744823112268
baaa60749cd04db7952fd8f4ef8ac837,bebf5f5b2a674631ab5c88fd1aa9e87a,1535385100398781,samples/CAM_FRONT/n008-2018-08-27-11-48-51-0400__CAM_FRONT__1535385100362404.jpg,data/outputs/phase_1_7_manual_audit_mini/visualizations/baaa60749cd04db7952fd8f4ef8ac837_one_page.png,decelerate,decelerate,yes,yes,yes,not_available,none,none,phase-1.6-meta-action-v0.1,not_available,phase-1.7-mini-audit,medium,rule_boundary_sample,not_available,not_available,not_available,not_available,,trajectory_speed_proxy_only,43,7,23.25971009811899,0.17563182860682813,23.263011048730416,-2.263088053
bad8a002637046178fe0f8216e5bc355,2fc3753772e241f2ab2cd16a784cc680,1535657123148366,samples/CAM_FRONT/n008-2018-08-30-15-16-55-0400__CAM_FRONT__1535657123112404.jpg,data/outputs/phase_1_7_manual_audit_mini/visualizations/bad8a002637046178fe0f8216e5bc355_one_page.png,stop,stop,yes,yes,yes,not_available,none,none,phase-1.6-meta-action-v0.1,not_available,phase-1.7-mini-audit,high,rule_boundary_sample,not_available,not_available,not_available,not_available,all_zero_trajectory,none,16,7,5.1835898924649243e-05,-0.000661296,0.0007129787109028562,-0.00016845
bc0040070bcc4233a057bb293f5f6444,c5224b9b454b4ded9b5d2d2634bbda8a,1538448757548354,samples/CAM_FRONT/n015-2018-10-02-10-50-40+0800__CAM_FRONT__1538448757512460.jpg,data/outputs/phase_1_7_manual_audit_mini/visualizations/bc0040070bcc4233a057bb293f5f6444_one_page.png,keep,keep,yes,yes,yes,not_available,none,none,phase-1.6-meta-action-v0.1,not_available,phase-1.7-mini-audit,high,coverage_fill_sample,not_available,not_available,not_available,not_available,,none,11,7,35.48535479563359,-0.688987036,35.493122574460685,0.6170437948933198
be1494c7762c43ca88010f366997a586,c5224b9b454b4ded9b5d2d2634bbda8a,1538448760047738,samples/CAM_FRONT/n015-2018-10-02-10-50-40+0800__CAM_FRONT__1538448760012460.jpg,data/outputs/phase_1_7_manual_audit_mini/visualizations/be1494c7762c43ca88010f366997a586_one_page.png,keep,keep,yes,yes,yes,not_available,none,none,phase-1.6-meta-action-v0.1,not_available,phase-1.7-mini-audit,high,coverage_fill_sample,not_available,not_available,not_available,not_available,,none,9,7,36.34133399912955,-0.248704596,36.342251800492114,-0.235583043
c15f8261acfd4013a735798770fad71a,2fc3753772e241f2ab2cd16a784cc680,1535657120649535,samples/CAM_FRONT/n008-2018-08-30-15-16-55-0400__CAM_FRONT__1535657120612404.jpg,data/outputs/phase_1_7_manual_audit_mini/visualizations/c15f8261acfd4013a735798770fad71a_one_page.png,stop,stop,yes,yes,yes,not_available,none,none,phase-1.6-meta-action-v0.1,not_available,phase-1.7-mini-audit,medium,rule_boundary_sample,not_available,not_available,not_available,not_available,,stop_threshold_candidate,15,7,-0.000101668,-0.001426941,0.0014713543022524078,-0.00038865
c537fef0b4b241df92f44daa976fe5b3,2fc3753772e241f2ab2cd16a784cc680,1535657118649480,samples/CAM_FRONT/n008-2018-08-30-15-16-55-0400__CAM_FRONT__1535657118612404.jpg,data/outputs/phase_1_7_manual_audit_mini/visualizations/c537fef0b4b241df92f44daa976fe5b3_one_page.png,stop,stop,yes,yes,yes,not_available,none,none,phase-1.6-meta-action-v0.1,not_available,phase-1.7-mini-audit,medium,rule_boundary_sample,not_available,not_available,not_available,not_available,,stop_threshold_candidate,14,7,-0.000121184,-0.002743924,0.0027756549693519943,-0.000756601
c9304cf98aad4ff0bb5b0cff0aab65d2,bebf5f5b2a674631ab5c88fd1aa9e87a,1535385095449675,samples/CAM_FRONT/n008-2018-08-27-11-48-51-0400__CAM_FRONT__1535385095412404.jpg,data/outputs/phase_1_7_manual_audit_mini/visualizations/c9304cf98aad4ff0bb5b0cff0aab65d2_one_page.png,keep,keep,yes,yes,yes,not_available,none,none,phase-1.6-meta-action-v0.1,not_available,phase-1.7-mini-audit,high,coverage_fill_sample,not_available,not_available,not_available,not_available,,none,45,7,25.035862670614083,-0.052122021,25.036373674762597,0.08587348421602492
d68668cb98fe4be5a00f58b5ac8a0a7d,2fc3753772e241f2ab2cd16a784cc680,1535657119149935,samples/CAM_FRONT/n008-2018-08-30-15-16-55-0400__CAM_FRONT__1535657119112404.jpg,data/outputs/phase_1_7_manual_audit_mini/visualizations/d68668cb98fe4be5a00f58b5ac8a0a7d_one_page.png,stop,stop,yes,yes,yes,not_available,none,none,phase-1.6-meta-action-v0.1,not_available,phase-1.7-mini-audit,medium,rule_boundary_sample,not_available,not_available,not_available,not_available,,stop_threshold_candidate,14,7,-0.000158533,-0.002313351,0.0023497636473135573,-0.000632691
d6b0de49811b4d1b86a0933719c0c44a,c5224b9b454b4ded9b5d2d2634bbda8a,1538448745047596,samples/CAM_FRONT/n015-2018-10-02-10-50-40+0800__CAM_FRONT__1538448745012460.jpg,data/outputs/phase_1_7_manual_audit_mini/visualizations/d6b0de49811b4d1b86a0933719c0c44a_one_page.png,keep,keep,yes,yes,yes,not_available,none,none,phase-1.6-meta-action-v0.1,not_available,phase-1.7-mini-audit,high,coverage_fill_sample,not_available,not_available,not_available,not_available,,none,16,7,38.03871069433323,-0.576341063,38.04320789354834,-0.658644776
d7387fb5a21d40a990a5842cca61af1c,bebf5f5b2a674631ab5c88fd1aa9e87a,1535385100898103,samples/CAM_FRONT/n008-2018-08-27-11-48-51-0400__CAM_FRONT__1535385100862404.jpg,data/outputs/phase_1_7_manual_audit_mini/visualizations/d7387fb5a21d40a990a5842cca61af1c_one_page.png,decelerate,decelerate,yes,yes,yes,not_available,none,none,phase-1.6-meta-action-v0.1,not_available,phase-1.7-mini-audit,medium,rule_boundary_sample,not_available,not_available,not_available,not_available,,trajectory_speed_proxy_only,41,7,22.22711342154359,0.3452700246037478,22.23354047510905,-2.406998561
dca2cc206bb34bc197ae8ebdaed22f35,c5224b9b454b4ded9b5d2d2634bbda8a,1538448747547529,samples/CAM_FRONT/n015-2018-10-02-10-50-40+0800__CAM_FRONT__1538448747512460.jpg,data/outputs/phase_1_7_manual_audit_mini/visualizations/dca2cc206bb34bc197ae8ebdaed22f35_one_page.png,keep,keep,yes,yes,yes,not_available,none,none,phase-1.6-meta-action-v0.1,not_available,phase-1.7-mini-audit,high,coverage_fill_sample,not_available,not_available,not_available,not_available,,none,14,7,36.08861753463476,-0.048344243,36.08883662348893,-0.418937546
dd8d85a47000418e849e4cb2f2a3f45f,2fc3753772e241f2ab2cd16a784cc680,1535657120149686,samples/CAM_FRONT/n008-2018-08-30-15-16-55-0400__CAM_FRONT__1535657120112404.jpg,data/outputs/phase_1_7_manual_audit_mini/visualizations/dd8d85a47000418e849e4cb2f2a3f45f_one_page.png,stop,stop,yes,yes,yes,not_available,none,none,phase-1.6-meta-action-v0.1,not_available,phase-1.7-mini-audit,medium,rule_boundary_sample,not_available,not_available,not_available,not_available,,stop_threshold_candidate,14,7,-0.000105788,-0.001670937,0.0017134266234698457,-0.000427589
e122a34ec57c4edf8311b40c3f85f863,2fc3753772e241f2ab2cd16a784cc680,1535657112148325,samples/CAM_FRONT/n008-2018-08-30-15-16-55-0400__CAM_FRONT__1535657112112404.jpg,data/outputs/phase_1_7_manual_audit_mini/visualizations/e122a34ec57c4edf8311b40c3f85f863_one_page.png,decelerate,decelerate,yes,yes,yes,not_available,none,none,phase-1.6-meta-action-v0.1,not_available,phase-1.7-mini-audit,medium,rule_boundary_sample,not_available,not_available,not_available,not_available,,trajectory_speed_proxy_only,13,7,7.878536209227779,-0.164143371,7.880416729843644,-1.499479412
e3bcde4a06124931a097ef2a211aaaef,2fc3753772e241f2ab2cd16a784cc680,1535657125148970,samples/CAM_FRONT/n008-2018-08-30-15-16-55-0400__CAM_FRONT__1535657125112404.jpg,data/outputs/phase_1_7_manual_audit_mini/visualizations/e3bcde4a06124931a097ef2a211aaaef_one_page.png,stop,stop,yes,yes,yes,not_available,none,none,phase-1.6-meta-action-v0.1,not_available,phase-1.7-mini-audit,high,rule_boundary_sample,not_available,not_available,not_available,not_available,all_zero_trajectory,none,16,7,-7.08E-05,-0.000361206,0.00040336495959600733,-9.34E-05
e6b0b282aa174a978272dc2d0a89d560,de7d80a1f5fb4c3e82ce8a4f213b450a,1542800847948119,samples/CAM_FRONT/n015-2018-11-21-19-38-26+0800__CAM_FRONT__1542800847912460.jpg,data/outputs/phase_1_7_manual_audit_mini/visualizations/e6b0b282aa174a978272dc2d0a89d560_one_page.png,keep,accelerate,no,yes,yes,not_available,keep_vs_accelerate_confusion,approx_delta_speed_mps is greater than +1,phase-1.6-meta-action-v0.1,not_available,phase-1.7-mini-audit,low,rule_boundary_sample,not_available,not_available,not_available,not_available,insufficient_forward_displacement,keep_vs_accelerate_ambiguity,51,7,2.5465279202146363,-0.029450612,2.546760692079639,1.854919082888664
ebce5a3b3484446580028d6538e69a81,2fc3753772e241f2ab2cd16a784cc680,1535657110200261,samples/CAM_FRONT/n008-2018-08-30-15-16-55-0400__CAM_FRONT__1535657110162404.jpg,data/outputs/phase_1_7_manual_audit_mini/visualizations/ebce5a3b3484446580028d6538e69a81_one_page.png,decelerate,decelerate,yes,yes,yes,not_available,none,none,phase-1.6-meta-action-v0.1,not_available,phase-1.7-mini-audit,medium,rule_boundary_sample,not_available,not_available,not_available,not_available,,trajectory_speed_proxy_only,12,7,11.304936542013438,-0.718681884,11.332993923088733,-1.688045407
f1fd429830e3437db4ba03ba851f0015,c5224b9b454b4ded9b5d2d2634bbda8a,1538448756050426,samples/CAM_FRONT/n015-2018-10-02-10-50-40+0800__CAM_FRONT__1538448756012460.jpg,data/outputs/phase_1_7_manual_audit_mini/visualizations/f1fd429830e3437db4ba03ba851f0015_one_page.png,keep,keep,yes,yes,yes,not_available,none,none,phase-1.6-meta-action-v0.1,not_available,phase-1.7-mini-audit,high,coverage_fill_sample,not_available,not_available,not_available,not_available,,none,12,7,35.121483622381305,-0.334173063,35.12443612319491,-0.294311953
f218a2b4fa6941f7ac3798adc72126e8,c5224b9b454b4ded9b5d2d2634bbda8a,1538448749547584,samples/CAM_FRONT/n015-2018-10-02-10-50-40+0800__CAM_FRONT__1538448749512460.jpg,data/outputs/phase_1_7_manual_audit_mini/visualizations/f218a2b4fa6941f7ac3798adc72126e8_one_page.png,keep,keep,yes,yes,yes,not_available,none,none,phase-1.6-meta-action-v0.1,not_available,phase-1.7-mini-audit,high,coverage_fill_sample,not_available,not_available,not_available,not_available,,none,15,7,35.6958658746515,-0.442631104,35.6993099114496,0.11045728692036327
f4163d8adea94bcf892e005d5d2937a8,2fc3753772e241f2ab2cd16a784cc680,1535657111649009,samples/CAM_FRONT/n008-2018-08-30-15-16-55-0400__CAM_FRONT__1535657111612404.jpg,data/outputs/phase_1_7_manual_audit_mini/visualizations/f4163d8adea94bcf892e005d5d2937a8_one_page.png,decelerate,decelerate,yes,yes,yes,not_available,none,none,phase-1.6-meta-action-v0.1,not_available,phase-1.7-mini-audit,medium,rule_boundary_sample,not_available,not_available,not_available,not_available,,trajectory_speed_proxy_only,13,7,8.685612974209356,-0.286850998,8.690458849799777,-1.376593912
f6ef25ab02c0483b9df411ed84873f41,bebf5f5b2a674631ab5c88fd1aa9e87a,1535385098400887,samples/CAM_FRONT/n008-2018-08-27-11-48-51-0400__CAM_FRONT__1535385098362404.jpg,data/outputs/phase_1_7_manual_audit_mini/visualizations/f6ef25ab02c0483b9df411ed84873f41_one_page.png,keep,keep,yes,yes,yes,not_available,none,none,phase-1.6-meta-action-v0.1,not_available,phase-1.7-mini-audit,high,coverage_fill_sample,not_available,not_available,not_available,not_available,,none,45,7,24.862872741760636,-0.64232338,24.87153297982885,0.4367606352931954
fa51f1910942494cbe396640010fea64,c5224b9b454b4ded9b5d2d2634bbda8a,1538448761048087,samples/CAM_FRONT/n015-2018-10-02-10-50-40+0800__CAM_FRONT__1538448761012460.jpg,data/outputs/phase_1_7_manual_audit_mini/visualizations/fa51f1910942494cbe396640010fea64_one_page.png,keep,keep,yes,yes,yes,not_available,none,none,phase-1.6-meta-action-v0.1,not_available,phase-1.7-mini-audit,high,coverage_fill_sample,not_available,not_available,not_available,not_available,,none,6,7,36.121454444958346,-0.33640475,36.12333957862931,-0.22971575
fe2a163b8948451b95fa48e21e1988ce,c5224b9b454b4ded9b5d2d2634bbda8a,1538448748547277,samples/CAM_FRONT/n015-2018-10-02-10-50-40+0800__CAM_FRONT__1538448748512460.jpg,data/outputs/phase_1_7_manual_audit_mini/visualizations/fe2a163b8948451b95fa48e21e1988ce_one_page.png,keep,keep,yes,yes,yes,not_available,none,none,phase-1.6-meta-action-v0.1,not_available,phase-1.7-mini-audit,high,coverage_fill_sample,not_available,not_available,not_available,not_available,,none,16,7,35.741541021581305,-0.394722199,35.7444633432001,-0.038155151
fe42b85d7f7a4107b650ffa993a4fbff,c5224b9b454b4ded9b5d2d2634bbda8a,1538448748047387,samples/CAM_FRONT/n015-2018-10-02-10-50-40+0800__CAM_FRONT__1538448748012460.jpg,data/outputs/phase_1_7_manual_audit_mini/visualizations/fe42b85d7f7a4107b650ffa993a4fbff_one_page.png,keep,keep,yes,yes,yes,not_available,none,none,phase-1.6-meta-action-v0.1,not_available,phase-1.7-mini-audit,high,coverage_fill_sample,not_available,not_available,not_available,not_available,,none,13,7,35.882897690835435,-0.181894212,35.88374646658632,-0.474139119
feaef544d11646ed806b53d9e1f39cd9,c5224b9b454b4ded9b5d2d2634bbda8a,1538448747047643,samples/CAM_FRONT/n015-2018-10-02-10-50-40+0800__CAM_FRONT__1538448747012460.jpg,data/outputs/phase_1_7_manual_audit_mini/visualizations/feaef544d11646ed806b53d9e1f39cd9_one_page.png,keep,keep,yes,yes,yes,not_available,none,none,phase-1.6-meta-action-v0.1,not_available,phase-1.7-mini-audit,high,coverage_fill_sample,not_available,not_available,not_available,not_available,,none,16,7,36.4414356980282,-0.062253253,36.44172465066717,-0.637734786
ff007cb7b78443e6887401d694f0d369,bebf5f5b2a674631ab5c88fd1aa9e87a,1535385106451625,samples/CAM_FRONT/n008-2018-08-27-11-48-51-0400__CAM_FRONT__1535385106412404.jpg,data/outputs/phase_1_7_manual_audit_mini/visualizations/ff007cb7b78443e6887401d694f0d369_one_page.png,keep,keep,yes,yes,yes,not_available,none,none,phase-1.6-meta-action-v0.1,not_available,phase-1.7-mini-audit,high,coverage_fill_sample,not_available,not_available,not_available,not_available,,none,60,7,25.312076006862227,-0.187236114,25.312939054899406,0.3539726346881764
